<application>
  <component name="MaterialThemeConfig">
    <option name="isWizardShown" value="true" />
    <option name="pristineConfig" value="false" />
    <option name="treeFontSizeEnabled" value="true" />
    <option name="treeFontSize" value="18" />
    <option name="tabFontSize" value="18" />
    <option name="settingsSelectedTab" value="3" />
    <option name="accentColor" value="546e7a" />
    <option name="userId" value="6f5bbe07:16a23d1c61e:-8000" />
    <option name="version" value="3.9.1" />
  </component>
</application>